TTS_serial_number,TTS_position,TTS_strand, âˆ†G (kcal/mol),Number_of_A_around_5'flank,Number_of_U_around_5'flank,intrinsic_TTS,TTS_type_rho_dependent
,308,+,-15.9,7,8,,
,5076,+,-20,2,5,intrinsic_TTS,
,9229,+,-21,2,4,,rho-dependent
,9891,-,-14.6,2,7,,
,9921,+,-16.1,7,1,,
,14142,+,-25.4,4,4,,
,16149,-,-11,2,7,,rho-dependent
,18696,+,-16.1,1,5,,
,20764,-,-11.4,2,7,intrinsic_TTS,
,27282,+,-11.1,4,7,intrinsic_TTS,
,28256,+,-14.2,2,3,,rho-dependent
,29276,+,-10.5,2,6,,
,34117,+,-13.9,4,8,intrinsic_TTS,
,34830,+,-15.6,2,4,,rho-dependent
,49729,+,-25.6,3,2,,
,50322,-,-24.1,4,1,,rho-dependent
,53259,-,-13.6,1,2,,rho-dependent
,58242,+,-16,2,0,,rho-dependent
,59610,-,-11.5,4,7,,
,67348,-,-12.3,2,1,,
,67410,+,-1.8,2,3,,rho-dependent
,77593,+,-13.2,3,7,intrinsic_TTS,
,78815,-,-17.4,1,4,,
,83571,-,-13.9,7,7,,
,85362,+,-14.7,1,5,,rho-dependent
,89080,+,-19.3,7,1,,rho-dependent
,107551,+,-9.3,3,1,,
,111030,+,-12.8,6,7,intrinsic_TTS,
,111471,-,-21.9,1,3,,rho-dependent
,114526,+,-23.9,2,2,,rho-dependent
,117709,-,-16,2,2,,rho-dependent
,120138,-,-23.5,1,3,,rho-dependent
,120173,+,-22.6,3,1,,rho-dependent
,122940,+,-2.2,5,4,,
,123792,+,-4,5,2,,
,129396,+,-10.7,6,5,intrinsic_TTS,
,134278,+,-17.9,4,7,intrinsic_TTS,
,134752,-,-23.9,2,6,,rho-dependent
,134786,+,-22.8,6,2,,
,138648,-,-17.4,2,3,,rho-dependent
,138678,+,-17.2,2,1,,rho-dependent
,141972,-,-15.8,4,2,,rho-dependent
,142003,+,-19.6,3,6,,
,146275,-,-18.5,1,2,,rho-dependent
,147904,-,-18.8,3,5,,rho-dependent
,147943,+,-16,5,3,,
,160096,-,-15.1,2,7,intrinsic_TTS,
,160125,+,-15.6,7,2,,rho-dependent
,167309,+,-20.9,3,1,,rho-dependent
,169764,+,-17.3,0,3,,rho-dependent
,173427,-,-17,2,4,,rho-dependent
,176994,+,-18.9,0,4,,rho-dependent
,178420,-,-12.1,1,6,,rho-dependent
,182347,+,-20.8,0,3,,rho-dependent
,183648,-,-25.5,2,0,,rho-dependent
,185086,-,-16.9,3,7,,
,188683,-,-13.6,4,6,intrinsic_TTS,
,190799,+,-18.5,2,5,,
,191745,+,-16.3,6,6,intrinsic_TTS,
,193489,+,-25.5,6,6,intrinsic_TTS,
,202063,+,-23,3,6,,
,203408,+,-20.4,2,1,,
,209625,+,-11.4,5,7,intrinsic_TTS,
,213630,-,-22,1,5,,rho-dependent
,216093,+,-20.9,1,2,,rho-dependent
,217019,-,-16,4,7,intrinsic_TTS,
,220051,-,-18.4,3,6,intrinsic_TTS,
,225345,+,-3.8,5,1,,
,229043,+,-11.9,4,8,,
,229895,-,-21.1,2,6,,rho-dependent
,230004,+,-16.2,0,4,,rho-dependent
,232550,-,-12.4,7,7,intrinsic_TTS,
,232585,+,-13.7,7,7,,rho-dependent
,235486,-,-24.2,0,5,,rho-dependent
,237068,+,-10.3,3,7,,rho-dependent
,239352,-,-2.4,4,0,,rho-dependent
,240826,-,-14.1,5,6,intrinsic_TTS,
,240855,+,-16.6,3,3,intrinsic_TTS,
,246130,-,-3.9,2,2,,rho-dependent
,248340,+,-5.9,1,3,,rho-dependent
,254209,-,-26,1,4,,
,256470,+,-19.8,2,7,,
,259041,+,-18,1,3,,rho-dependent
,262823,+,-4.7,2,4,,rho-dependent
,265562,-,-18.7,3,7,intrinsic_TTS,
,265598,+,-22.3,7,3,,
,285220,+,-20.7,6,5,intrinsic_TTS,
,292285,-,-17,2,5,intrinsic_TTS,
,292317,+,-16,6,2,,rho-dependent
,303649,+,-11,5,5,,
,312285,-,-19.8,3,2,,rho-dependent
,318633,-,-18.2,6,1,,rho-dependent
,324603,+,-23.3,0,1,,rho-dependent
,325477,-,-6.4,3,3,,
,331542,+,-16.3,3,2,,rho-dependent
,333521,+,-20.4,2,2,,rho-dependent
,342572,+,-14.3,4,2,,
,344012,+,-21.1,4,3,,
,345511,-,-13.3,1,6,,
,346857,+,-17.1,4,3,,
,357596,+,-17.3,2,2,,rho-dependent
,377525,+,-20.9,3,2,,rho-dependent
,378387,-,-17.7,3,3,,
,380034,-,-16.8,0,3,,rho-dependent
,388690,-,-9.9,4,1,,rho-dependent
,394490,+,-20.4,5,1,,rho-dependent
,395081,-,-20.9,3,5,,rho-dependent
,399050,+,-15.8,5,1,,rho-dependent
,399789,-,-16.1,3,5,,rho-dependent
,401848,+,-19.3,5,2,,rho-dependent
,403649,+,-20.1,3,2,,rho-dependent
,404780,-,-11.5,0,3,intrinsic_TTS,
,407206,+,-12.9,4,0,,rho-dependent
,408495,+,-15,2,6,,rho-dependent
,409050,-,-25,1,0,,rho-dependent
,409093,+,-23.5,1,2,,rho-dependent
,412226,-,-15.3,0,2,,rho-dependent
,419236,+,-13.3,1,6,,
,420925,-,-23,6,0,,
,420961,+,-23.1,0,6,intrinsic_TTS,
,422409,+,-22,1,2,,rho-dependent
,427789,+,-18.8,2,0,,
,430527,+,-12.4,4,8,intrinsic_TTS,
,430962,-,-14.4,5,5,,rho-dependent
,431030,-,-19.2,0,0,,
,431125,+,-14.6,5,5,,
,432277,-,-12.3,2,2,,rho-dependent
,435608,+,-10.1,1,4,intrinsic_TTS,
,437115,-,-22.1,4,1,,
,443004,-,-18,1,2,,
,443039,+,-23.7,2,1,,
,445327,+,-8.9,2,4,,
,446773,-,-11,4,6,intrinsic_TTS,
,452011,-,-12.9,3,2,,rho-dependent
,454867,+,-12.5,4,6,intrinsic_TTS,
,456495,+,-15.9,4,8,intrinsic_TTS,
,458758,+,-15.5,4,5,intrinsic_TTS,
,461309,+,-23.1,6,7,,
,461784,+,-16.4,2,6,intrinsic_TTS,
,463858,+,-10.8,6,5,intrinsic_TTS,
,464371,+,-14.1,3,4,,rho-dependent
,464806,-,-21.9,1,2,,rho-dependent
,464841,+,-22.2,2,1,,
,468270,+,-13.9,1,7,intrinsic_TTS,
,472484,+,-12.3,5,6,,
,474262,-,-17.4,7,6,,
,474299,+,-15.5,6,7,intrinsic_TTS,
,475987,+,-21.2,3,1,,rho-dependent
,478737,-,-17.8,3,2,,rho-dependent
,481213,-,-15.5,3,5,intrinsic_TTS,
,489902,-,-16,2,5,,
,489933,+,-15.9,5,2,,
,492044,+,-15.3,4,3,,rho-dependent
,495041,+,-20.9,2,4,,rho-dependent
,497032,+,-22.3,0,5,,rho-dependent
,497939,+,-13.2,2,3,,rho-dependent
,503438,-,-19.5,2,5,,rho-dependent
,506569,-,-19,3,4,,rho-dependent
,506670,+,-10.1,4,4,,rho-dependent
,507196,-,-12.8,2,3,,rho-dependent
,508579,-,-23,1,1,,rho-dependent
,514319,-,-11.7,3,1,,rho-dependent
,517317,-,-17,2,3,,rho-dependent
,517362,-,-21.2,4,2,,
,517400,+,-27.2,4,3,,rho-dependent
,522874,+,-16.1,3,4,,rho-dependent
,533861,+,-14.8,1,7,intrinsic_TTS,
,537511,+,-15.4,7,3,,
,540547,+,-16,0,3,,rho-dependent
,543111,+,-22.4,4,3,,rho-dependent
,543191,-,-15.4,1,7,intrinsic_TTS,
,553872,-,-11.6,1,5,intrinsic_TTS,
,556036,+,-21.5,4,1,,rho-dependent
,556626,-,-18,0,6,,rho-dependent
,564715,-,-2.8,3,2,,
,568708,+,-13.6,5,5,,rho-dependent
,572349,+,-18.3,4,3,,rho-dependent
,574366,-,-13.9,1,5,,rho-dependent
,574476,-,-23.3,5,2,,rho-dependent
,578443,-,-16.5,1,3,,rho-dependent
,584631,-,-19.8,4,3,,
,584668,+,-22.6,3,3,,rho-dependent
,603374,-,-24.6,6,2,,rho-dependent
,603413,+,-19.6,4,7,,
,604738,-,-16.2,0,5,,rho-dependent
,608769,-,-11,2,7,,rho-dependent
,618089,+,-13.4,2,6,intrinsic_TTS,
,623507,-,-23.4,3,2,,
,637773,-,-15.2,3,1,,rho-dependent
,639666,+,-16.6,2,6,intrinsic_TTS,
,641343,-,-16.8,6,2,,
,641378,+,-21.8,2,6,intrinsic_TTS,
,641386,-,-22.4,2,6,intrinsic_TTS,
,644017,-,-16.6,4,7,,rho-dependent
,645051,-,-25.1,3,7,,
,654546,-,-17.7,5,2,,
,654579,+,-17,5,4,,rho-dependent
,657517,-,-12.3,7,5,,
,657548,+,-10.9,5,7,intrinsic_TTS,
,659189,-,-10.5,7,7,intrinsic_TTS,
,659221,+,-11.2,3,7,intrinsic_TTS,
,661596,-,-12.1,3,2,,rho-dependent
,662338,-,-17.2,0,3,,rho-dependent
,662671,-,-21.1,4,5,,
,671541,-,-30.4,3,5,,rho-dependent
,675562,+,-11.9,5,6,,rho-dependent
,683423,-,-13.9,1,5,,rho-dependent
,684493,-,-18.5,3,2,,rho-dependent
,686682,-,-22.7,2,7,,
,689296,-,-16.5,1,1,,rho-dependent
,693498,-,-16.8,2,7,,rho-dependent
,696396,-,-11.9,6,6,intrinsic_TTS,
,696427,+,-11,6,6,intrinsic_TTS,
,697471,-,-27.3,4,4,,
,699420,-,-21.3,1,2,,rho-dependent
,705968,+,-17.5,4,7,intrinsic_TTS,
,707981,+,-13.5,5,6,,rho-dependent
,710155,-,-12.6,5,7,intrinsic_TTS,
,711982,-,-27.9,5,2,,
,715243,+,-14.6,7,6,intrinsic_TTS,
,716902,-,-12.1,6,6,intrinsic_TTS,
,720990,-,-11.3,3,5,,
,729394,+,-19.8,5,7,intrinsic_TTS,
,753129,-,-19.5,4,6,intrinsic_TTS,
,758487,+,-22.4,3,1,,
,765063,-,-20.2,2,5,,
,765148,+,-14.5,0,3,intrinsic_TTS,
,774372,+,-18.2,2,4,,
,774648,+,-15.9,6,5,intrinsic_TTS,
,779673,+,-18.4,1,0,,
,780434,+,-22,4,1,,
,781685,+,-10.6,5,5,intrinsic_TTS,
,781809,-,-10.6,6,5,,rho-dependent
,783840,-,-26.7,4,1,,
,783942,+,-20.2,3,1,,
,784890,-,-11.9,4,6,intrinsic_TTS,
,786791,-,-11.5,5,7,intrinsic_TTS,
,786824,+,-14.4,5,5,intrinsic_TTS,
,787768,-,-11.7,3,5,,rho-dependent
,792262,-,-20,1,1,,
,794954,+,-12.9,1,6,,rho-dependent
,797514,-,-9.4,1,3,,rho-dependent
,797717,+,-6.7,1,2,,rho-dependent
,799588,-,-24,4,2,,
,799621,+,-21.3,1,3,,
,807396,-,-19.4,3,3,,
,815579,-,-13.6,5,4,,
,815826,+,-14.6,4,2,,rho-dependent
,819789,+,-16.4,1,3,,rho-dependent
,820631,+,-11.6,2,7,,
,824939,-,-17.7,3,2,,
,825079,+,-18.5,1,3,,rho-dependent
,836250,+,-18.3,0,3,,rho-dependent
,837435,-,-17.6,0,8,,
,837469,+,-17.9,8,0,,
,837624,+,-21.9,1,4,,rho-dependent
,839244,+,-14.6,5,3,,rho-dependent
,843165,-,-10,3,2,,rho-dependent
,845560,-,-17.1,1,0,,rho-dependent
,847199,-,-18.3,1,3,,
,848340,-,-13.9,5,7,intrinsic_TTS,
,849166,-,-18.7,3,4,,
,850979,-,-11.3,7,6,intrinsic_TTS,
,851010,+,-11.3,7,7,intrinsic_TTS,
,854776,-,-10.8,6,7,intrinsic_TTS,
,854807,+,-11.1,7,6,,
,857718,+,-15.1,2,2,,rho-dependent
,859180,-,-14.5,1,5,,
,864282,-,-17,3,1,,rho-dependent
,870013,-,-0.4,2,2,,
,875492,-,-0.9,2,4,,
,876670,-,-23,4,2,,rho-dependent
,878664,+,-17.7,4,4,,rho-dependent
,879774,-,-6.8,1,2,,rho-dependent
,881931,-,-18.7,3,2,,
,881972,+,-22.5,1,3,,
,884903,-,-14.5,3,7,,rho-dependent
,887976,-,-8.7,2,5,,rho-dependent
,890462,-,-14.5,1,6,,rho-dependent
,890490,+,-14.8,7,1,,rho-dependent
,892640,+,-18.9,2,0,,
,893478,+,-23.3,0,2,,rho-dependent
,900690,-,-15.3,5,7,intrinsic_TTS,
,903891,-,-15.3,3,5,,rho-dependent
,911141,-,-17.3,1,4,,rho-dependent
,913923,-,-17.3,0,2,,rho-dependent
,915312,-,-14.2,4,7,,rho-dependent
,917982,-,-5.8,4,3,,rho-dependent
,918208,+,-4.8,2,5,,
,922302,-,-14.9,5,6,intrinsic_TTS,
,922335,+,-16.2,6,5,,
,925598,+,-21.9,0,6,intrinsic_TTS,
,925843,-,-12.9,6,8,intrinsic_TTS,
,926158,-,-9.5,5,7,intrinsic_TTS,
,931022,-,-20.1,6,6,intrinsic_TTS,
,933176,+,-21.9,3,4,,
,940766,+,-12.5,5,6,intrinsic_TTS,
,944900,-,-16.9,7,3,intrinsic_TTS,
,944928,+,-15.9,4,5,intrinsic_TTS,
,947067,+,-21.9,3,7,,
,948804,+,-21.1,4,3,,
,950297,-,-20.3,0,5,intrinsic_TTS,
,950332,+,-19,5,0,,rho-dependent
,951203,-,-19.8,6,0,intrinsic_TTS,
,954793,-,-15.7,3,4,,
,958786,+,-14.1,2,7,intrinsic_TTS,
,960164,+,-9.5,5,8,intrinsic_TTS,
,961070,+,-17.2,1,4,,
,963776,+,-21.1,3,2,,
,964164,+,-9.1,5,6,intrinsic_TTS,
,969406,+,-7.6,0,0,,rho-dependent
,971644,+,-19.3,1,2,,rho-dependent
,972496,-,-16.9,4,2,,
,980816,+,-16.5,4,7,intrinsic_TTS,
,984355,-,-20.1,2,1,,
,984478,-,-16.5,5,1,,
,984506,+,-15.3,1,6,,
,985839,-,-10.4,5,7,intrinsic_TTS,
,987544,-,-17.8,0,6,intrinsic_TTS,
,989120,-,-13.5,3,6,,
,993275,+,-25.7,6,3,,
,998465,+,-19.6,3,5,,rho-dependent
,1015514,+,-17.7,4,6,intrinsic_TTS,
,1015896,-,-12,4,7,intrinsic_TTS,
,1015926,+,-19.3,5,4,,
,1018970,-,-13.7,2,8,intrinsic_TTS,
,1018998,+,-13.6,7,5,intrinsic_TTS,
,1021947,+,-14.9,2,2,,rho-dependent
,1026524,-,-16.8,2,5,,rho-dependent
,1026554,+,-17.2,4,3,,
,1028357,-,-27.5,2,6,intrinsic_TTS,
,1028396,+,-25.9,6,2,,
,1028475,+,-11.3,1,3,,
,1030252,-,-11.6,0,3,,
,1030613,+,-15,4,6,,rho-dependent
,1030711,-,-15.9,3,7,intrinsic_TTS,
,1041920,-,-17.7,1,6,intrinsic_TTS,
,1052277,+,-15.6,1,5,,rho-dependent
,1062452,-,-15.4,2,2,,
,1066828,-,-24.9,2,5,intrinsic_TTS,
,1066859,+,-23.7,5,2,,
,1068416,-,-21.3,1,1,,
,1068507,+,-15.7,2,6,intrinsic_TTS,
,1074658,-,-8.5,1,5,intrinsic_TTS,
,1074879,-,-21.6,3,3,,rho-dependent
,1074916,+,-19.4,4,4,,
,1080940,+,-31.3,2,1,,
,1086005,-,-19.8,2,4,,rho-dependent
,1086097,+,-13.2,3,7,intrinsic_TTS,
,1100774,-,-14.4,2,5,intrinsic_TTS,
,1100845,+,-11.2,5,7,,
,1104947,+,-12,4,8,intrinsic_TTS,
,1107696,-,-19,2,6,,
,1113530,-,-11.5,7,7,intrinsic_TTS,
,1113561,+,-11.5,7,7,,rho-dependent
,1115620,-,-21.7,2,1,,
,1117862,-,-19.2,3,4,,
,1117893,+,-16.1,5,3,,rho-dependent
,1119432,-,-14.5,2,4,,
,1120653,-,-14.4,2,3,,
,1121201,-,-12.3,0,7,,
,1122684,-,-15.2,3,6,intrinsic_TTS,
,1123361,-,-23.8,1,5,,
,1129377,-,-20.8,3,3,,
,1129410,+,-20.8,3,3,,rho-dependent
,1141135,-,-14.9,4,7,intrinsic_TTS,
,1145926,-,-26.2,0,3,,
,1146009,+,-15.5,2,0,,rho-dependent
,1147707,+,-20.9,1,3,,
,1151890,+,-18.6,3,5,,
,1153227,+,-10.4,4,7,intrinsic_TTS,
,1157649,+,-18.8,4,1,,rho-dependent
,1159351,+,-14.8,3,6,intrinsic_TTS,
,1165731,+,-22.8,3,4,,
,1167436,+,-22.2,2,0,,rho-dependent
,1168155,-,-19.4,4,1,,rho-dependent
,1169363,-,-21.9,7,1,,rho-dependent
,1169401,+,-23,1,7,,
,1170484,-,-19.2,2,3,,rho-dependent
,1180428,+,-8.7,3,2,,
,1181745,-,-20.3,3,5,,
,1187073,-,-19.8,2,4,,
,1187106,+,-21,4,1,,
,1190574,-,-20.3,3,3,,rho-dependent
,1190609,+,-16.1,4,1,,
,1196422,+,-18.1,4,7,intrinsic_TTS,
,1199694,+,-15,4,4,,rho-dependent
,1211597,-,-15.3,6,4,,rho-dependent
,1217105,+,-1.9,1,2,,
,1219255,+,-18.9,1,1,,
,1222263,-,-15.8,2,5,,rho-dependent
,1222295,+,-16.8,5,2,,rho-dependent
,1223943,+,-11.7,4,6,,
,1224225,-,-19.8,2,6,,
,1227039,-,-14.9,2,2,,rho-dependent
,1227065,+,-16,3,5,,rho-dependent
,1228771,+,-16.2,3,3,,rho-dependent
,1229413,+,-7.4,4,3,,rho-dependent
,1232467,-,-16.4,2,6,,rho-dependent
,1233140,-,-16.8,5,4,,rho-dependent
,1235673,-,-14.9,6,4,,
,1235701,+,-14.4,4,6,intrinsic_TTS,
,1236522,-,-7.7,5,0,,
,1240087,+,-17.4,1,1,,rho-dependent
,1243917,+,-2.7,6,4,,rho-dependent
,1245029,+,-20.4,2,1,,rho-dependent
,1247655,-,-19.5,3,4,,rho-dependent
,1248695,-,-7.3,2,1,,rho-dependent
,1252967,-,-3.2,2,5,,
,1256635,-,-11.5,6,6,intrinsic_TTS,
,1259081,-,-19.5,4,1,,
,1259117,+,-20.5,1,3,,
,1260888,-,-12.9,3,6,,rho-dependent
,1269621,-,-21.5,3,6,,
,1270706,-,-21.2,3,3,,rho-dependent
,1273216,-,-14.6,3,2,,
,1273243,+,-13.6,1,2,,rho-dependent
,1275089,-,-14.9,2,4,,rho-dependent
,1279520,+,-13,1,7,intrinsic_TTS,
,1286569,+,-13.9,2,5,intrinsic_TTS,
,1286712,-,-10.6,2,0,,rho-dependent
,1286890,-,-10.6,2,0,,rho-dependent
,1292419,+,-14.9,4,7,intrinsic_TTS,
,1292457,-,-12.5,4,7,intrinsic_TTS,
,1294201,+,-16.8,1,5,,rho-dependent
,1294515,+,-16,2,1,,
,1295323,-,-16.5,2,5,intrinsic_TTS,
,1299285,+,-14.9,3,3,,rho-dependent
,1306772,-,-18.2,3,6,intrinsic_TTS,
,1306803,+,-17.7,6,3,intrinsic_TTS,
,1308962,-,-19.3,3,4,,
,1310519,-,-16.1,3,4,,rho-dependent
,1311814,-,-11.4,1,5,intrinsic_TTS,
,1311846,+,-12.3,5,4,,
,1312260,-,-7.2,4,6,,rho-dependent
,1314666,-,-16,1,6,intrinsic_TTS,
,1314697,+,-16,6,1,,
,1315787,-,-18,3,4,,
,1316382,-,-18.8,1,5,,rho-dependent
,1322969,-,-12,3,8,,rho-dependent
,1327761,+,-10.8,4,5,,rho-dependent
,1330383,-,-13.6,6,6,,
,1330415,+,-12.2,6,6,intrinsic_TTS,
,1333700,+,-14,1,7,intrinsic_TTS,
,1334880,+,-19.6,1,5,,rho-dependent
,1335696,+,-18,2,6,,rho-dependent
,1338508,-,-20.7,2,4,,rho-dependent
,1338550,+,-22.4,4,2,,
,1342986,-,-13.8,4,6,intrinsic_TTS,
,1343018,+,-17.7,5,3,,
,1343546,-,-19.2,1,2,,rho-dependent
,1346936,-,-19.6,0,5,,rho-dependent
,1350207,-,-19.5,3,4,,
,1350235,+,-19,3,0,,
,1357747,-,-19.3,1,2,,rho-dependent
,1362514,+,-15.6,2,3,,rho-dependent
,1368782,+,-16.8,4,2,,rho-dependent
,1370042,+,-15.8,2,7,intrinsic_TTS,
,1386622,+,-13.8,3,5,,rho-dependent
,1388265,-,-25.2,3,2,,
,1388304,+,-25.8,2,3,,
,1394847,-,-18.7,3,2,,rho-dependent
,1394884,+,-17.7,2,4,,rho-dependent
,1397627,-,-16.3,4,6,intrinsic_TTS,
,1397655,+,-14.9,6,4,,
,1398698,-,-2.4,2,2,,rho-dependent
,1405657,-,-15.8,1,7,intrinsic_TTS,
,1406430,-,-23.7,4,2,,rho-dependent
,1406593,+,-16.6,2,2,,rho-dependent
,1409249,+,-13.8,2,8,intrinsic_TTS,
,1410927,-,-23.3,2,1,,
,1411008,+,-15.4,3,3,,rho-dependent
,1435152,-,-14.1,4,6,,rho-dependent
,1437197,-,-16.9,7,6,,
,1441259,-,-13.3,0,3,,rho-dependent
,1441599,+,-2.8,2,6,,rho-dependent
,1441819,-,-18.4,1,3,,rho-dependent
,1446378,+,-28.6,1,2,,
,1449066,+,-10,6,7,intrinsic_TTS,
,1465127,+,-9.9,5,6,intrinsic_TTS,
,1474066,+,-16.6,1,6,intrinsic_TTS,
,1475119,+,-8.5,5,7,,rho-dependent
,1482207,-,-20,2,2,,rho-dependent
,1487022,+,-11.2,7,7,,
,1488078,+,-22.6,5,3,,rho-dependent
,1489677,-,-18.1,2,4,,rho-dependent
,1489709,+,-22.6,3,2,,rho-dependent
,1491441,-,-14.3,1,7,,
,1491857,-,-2.6,1,4,,rho-dependent
,1492171,+,-22.2,1,5,intrinsic_TTS,
,1498551,+,-18.6,0,4,,rho-dependent
,1498907,+,-14.6,1,4,intrinsic_TTS,
,1502362,+,-13.5,2,1,,rho-dependent
,1503158,+,-16.2,2,6,,rho-dependent
,1508789,-,-18.4,2,3,,
,1517080,+,-22.5,2,2,,
,1517694,-,-4.3,2,4,,rho-dependent
,1517918,+,-14.3,5,0,,rho-dependent
,1520094,+,-14,2,2,,rho-dependent
,1520928,-,-14.8,2,6,intrinsic_TTS,
,1520957,+,-14.8,5,1,,rho-dependent
,1524446,-,-18.8,4,3,,rho-dependent
,1524476,+,-19.2,3,2,,
,1534877,-,-21.9,3,1,,rho-dependent
,1546253,-,-21.2,4,2,,rho-dependent
,1552007,-,-11,5,4,,rho-dependent
,1552044,+,-12,4,5,intrinsic_TTS,
,1552061,-,-22.9,0,0,,rho-dependent
,1553937,-,-20.7,2,4,,rho-dependent
,1555766,-,-13.2,4,7,intrinsic_TTS,
,1567445,-,-23.9,1,3,,rho-dependent
,1568899,-,-18.1,4,4,,
,1572373,-,-18.6,5,4,,rho-dependent
,1580804,-,-17,2,4,,
,1609186,-,-13.5,1,5,intrinsic_TTS,
,1613261,-,-19.1,3,2,,rho-dependent
,1618218,-,-13.3,4,3,,
,1618244,+,-12,3,5,intrinsic_TTS,
,1620239,+,-14.8,0,4,,rho-dependent
,1622804,+,-22.6,3,6,intrinsic_TTS,
,1622816,-,-14.1,2,2,intrinsic_TTS,
,1625288,-,-24.4,4,2,,rho-dependent
,1628294,+,-14.9,1,2,,
,1629076,+,-17.5,1,5,,rho-dependent
,1629421,-,-15.7,3,2,,
,1632478,-,-3.8,3,4,,rho-dependent
,1637557,-,-8.8,4,6,,
,1642357,-,-12.4,5,5,,rho-dependent
,1642386,+,-11,5,5,,
,1645028,-,-10,2,7,,
,1646747,-,-16.6,2,4,,rho-dependent
,1648368,+,-5.4,7,4,,
,1649439,+,-12.6,1,5,intrinsic_TTS,
,1655217,-,-2.4,5,6,intrinsic_TTS,
,1655251,-,0,0,0,,
,1656859,+,-13.2,5,2,,rho-dependent
,1657913,+,-13.9,3,3,,rho-dependent
,1665173,+,-21.8,3,3,,rho-dependent
,1666450,-,-21.5,5,3,,
,1670996,+,-23,3,1,,
,1672783,-,-18,4,3,,
,1672819,+,-20.7,3,3,,rho-dependent
,1674941,-,-20.3,2,5,,rho-dependent
,1679413,+,-15.2,2,4,,
,1685003,-,-7.2,3,6,,rho-dependent
,1686703,-,-14.3,5,6,intrinsic_TTS,
,1691403,+,-15.4,4,5,,rho-dependent
,1696415,-,-15.6,0,4,,rho-dependent
,1697225,-,-18.7,3,2,,
,1703231,-,-17.7,6,6,,rho-dependent
,1703270,+,-17.7,6,6,,rho-dependent
,1714323,+,-17.8,1,7,intrinsic_TTS,
,1714986,-,-19.9,2,4,,rho-dependent
,1715017,+,-20.9,4,2,,
,1715903,-,-22.7,4,5,intrinsic_TTS,
,1718026,-,-18.1,1,1,,rho-dependent
,1720347,-,-25.3,3,3,intrinsic_TTS,
,1720381,+,-24.2,3,2,,rho-dependent
,1728279,+,-17.7,2,5,,
,1733706,-,-22.7,2,4,,rho-dependent
,1735287,+,-19.1,2,5,,rho-dependent
,1736082,-,-18.3,3,1,,
,1736114,+,-15.2,4,7,intrinsic_TTS,
,1737422,-,-13.6,0,3,,rho-dependent
,1738907,+,-23.2,3,3,,rho-dependent
,1742567,-,-21.3,4,3,,
,1742598,+,-18.8,3,3,,rho-dependent
,1744834,-,-19.6,2,2,intrinsic_TTS,
,1744868,+,-20.8,5,5,,rho-dependent
,1747039,+,-12,3,3,,rho-dependent
,1754894,-,-20.9,3,5,,rho-dependent
,1757164,+,-16.7,2,7,intrinsic_TTS,
,1757671,-,-13.3,8,5,intrinsic_TTS,
,1757703,+,-13.3,5,8,intrinsic_TTS,
,1765143,-,-21,0,2,,rho-dependent
,1770218,+,-18.2,2,3,,
,1770477,+,-12.8,1,8,,
,1775484,+,-16.7,5,1,,rho-dependent
,1778349,-,-28.2,2,5,,rho-dependent
,1784696,-,-22.9,6,1,,rho-dependent
,1789482,-,-21.9,4,2,,rho-dependent
,1789514,+,-19.2,2,3,,
,1792222,-,-25.1,3,2,,rho-dependent
,1795214,-,-12.3,6,7,intrinsic_TTS,
,1799357,-,-10.6,4,6,intrinsic_TTS,
,1805287,-,-18.8,3,4,,rho-dependent
,1807330,+,-14.7,6,1,,rho-dependent
,1808668,-,-13.1,6,4,,rho-dependent
,1808696,+,-13.4,4,6,intrinsic_TTS,
,1810084,+,-28.3,2,5,,rho-dependent
,1812373,+,-22.4,1,6,,
,1813385,-,-14.4,3,3,,rho-dependent
,1816378,+,-18.2,4,1,,rho-dependent
,1821228,-,-10.5,5,4,,rho-dependent
,1821861,-,-11,4,6,intrinsic_TTS,
,1823351,+,-19.5,3,4,,rho-dependent
,1824452,+,-21.2,5,2,,rho-dependent
,1825060,-,-8,1,1,intrinsic_TTS,
,1833274,+,-18.7,2,3,,rho-dependent
,1840816,+,-19.4,3,1,,
,1843813,+,-14.5,3,3,,
,1844921,-,-13.6,3,8,intrinsic_TTS,
,1850701,-,-18.3,6,2,,
,1850733,+,-18.6,2,6,,rho-dependent
,1852573,+,-18,1,1,,rho-dependent
,1854008,-,-13,5,3,,rho-dependent
,1861660,-,-22.2,4,1,,rho-dependent
,1863817,+,-11.4,5,8,intrinsic_TTS,
,1864739,-,-26.8,1,3,,rho-dependent
,1864785,+,-32,2,1,,rho-dependent
,1865668,-,-14.1,1,5,intrinsic_TTS,
,1870276,+,-17.2,5,5,,rho-dependent
,1874112,+,-14,2,0,,rho-dependent
,1874843,+,-14.1,4,5,,rho-dependent
,1877139,-,-16.1,1,5,,rho-dependent
,1877301,+,-18.2,2,0,,rho-dependent
,1878964,-,-17.4,4,6,intrinsic_TTS,
,1878996,+,-11.6,5,3,,
,1879361,-,-16.6,1,0,,rho-dependent
,1880089,-,-18.9,2,3,,rho-dependent
,1883042,+,-15.1,1,6,,rho-dependent
,1886809,-,-4.3,1,1,,rho-dependent
,1886861,+,-24.3,2,2,,
,1889900,-,-10.1,7,4,,
,1893787,+,-15.5,4,1,,
,1894456,-,-15.5,5,2,,rho-dependent
,1894497,+,-14.8,4,1,,
,1898334,+,-19,1,4,,rho-dependent
,1899953,-,-25.8,2,3,,
,1904784,+,-16.5,3,7,intrinsic_TTS,
,1905324,+,-4.7,4,3,,rho-dependent
,1906214,-,-17.5,3,1,,rho-dependent
,1907152,-,-14.3,1,4,,
,1908211,-,-15.5,2,4,,rho-dependent
,1909261,-,-16.1,3,4,,rho-dependent
,1909303,+,-15.8,4,3,,rho-dependent
,1911647,-,-12.1,6,7,intrinsic_TTS,
,1912732,-,-18.3,3,4,intrinsic_TTS,
,1920180,+,-21.6,2,5,,rho-dependent
,1922050,+,-13.1,1,4,,rho-dependent
,1923291,-,-14,7,5,intrinsic_TTS,
,1928997,-,-26.2,0,1,,rho-dependent
,1929917,-,-19.6,3,1,,rho-dependent
,1929971,-,-20.7,2,0,,
,1932079,-,-14.8,5,6,intrinsic_TTS,
,1932111,+,-14.8,6,5,,
,1934728,-,-18.9,2,7,intrinsic_TTS,
,1939094,-,-29,3,4,,rho-dependent
,1939222,+,-11.1,3,7,intrinsic_TTS,
,1940266,-,-16.6,1,7,intrinsic_TTS,
,1946817,-,-18.2,3,4,,rho-dependent
,1954573,+,-16,3,3,,rho-dependent
,1958441,-,-17.7,1,7,intrinsic_TTS,
,1961848,+,-19.5,2,5,intrinsic_TTS,
,1966348,-,-25.5,1,2,,rho-dependent
,1982486,-,-17.9,1,5,,rho-dependent
,1987428,-,-18.7,4,2,,
,1987508,+,-16.3,4,7,,
,1989216,-,-19.3,4,1,,
,1989247,+,-20.2,1,4,,
,1990910,-,-20.8,3,3,,rho-dependent
,1990949,+,-18,3,3,,
,1991747,-,-10.1,1,6,intrinsic_TTS,
,1996082,+,-15.1,6,5,,
,1997018,-,-21.9,6,1,,rho-dependent
,1999539,-,-12,7,7,intrinsic_TTS,
,2001911,-,-16.2,2,3,intrinsic_TTS,
,2007644,-,-18.9,2,2,,rho-dependent
,2007674,+,-19,4,5,,
,2009747,+,-18.9,2,3,,rho-dependent
,2024594,-,-23,2,3,,rho-dependent
,2024626,+,-22.1,3,2,,rho-dependent
,2025257,+,-20.5,7,2,,
,2028141,-,-25.3,3,2,,
,2032320,-,-14.2,2,3,,
,2036758,+,-21,4,6,intrinsic_TTS,
,2042152,+,-17.7,3,4,intrinsic_TTS,
,2043181,+,-11.6,0,6,,rho-dependent
,2044746,+,-25.5,3,3,,rho-dependent
,2052064,+,-16.4,2,5,,rho-dependent
,2054994,+,-17.5,2,4,,
,2056606,+,-9.4,3,5,,rho-dependent
,2057617,+,-7.2,5,5,,rho-dependent
,2057927,-,-16.7,1,6,,rho-dependent
,2062338,-,-11.5,6,6,intrinsic_TTS,
,2078319,+,-16.1,0,5,,
,2078988,-,-21,1,3,,rho-dependent
,2081333,-,-22.9,0,2,,rho-dependent
,2084185,-,-21,4,2,,rho-dependent
,2084218,+,-19.6,3,3,,
,2085648,-,-20.9,4,6,intrinsic_TTS,
,2088155,-,-16.3,1,2,,rho-dependent
,2093092,+,-13.6,0,2,,
,2097269,-,-20.7,7,7,intrinsic_TTS,
,2097303,+,-14.2,7,7,intrinsic_TTS,
,2099805,-,-13.7,4,8,intrinsic_TTS,
,2113335,-,-8.8,4,3,intrinsic_TTS,
,2113346,-,-17.1,3,3,,
,2139739,+,-21.6,3,1,,
,2152450,-,-23.5,3,2,,
,2153453,+,-13.7,2,3,,rho-dependent
,2153781,+,-17.8,2,4,,rho-dependent
,2165055,+,-19.9,2,3,,rho-dependent
,2165611,+,-11.3,2,1,,rho-dependent
,2167199,+,-15.9,1,7,intrinsic_TTS,
,2167264,-,-13.9,5,7,intrinsic_TTS,
,2167293,+,-18.1,3,4,,
,2169684,+,-23.4,3,1,,
,2171800,-,-20.5,3,4,,
,2172887,-,-16,1,1,,
,2177322,-,-19.9,4,4,intrinsic_TTS,
,2182147,+,-13.3,0,2,,rho-dependent
,2187327,+,-15.2,7,1,,rho-dependent
,2191618,-,-15.3,5,6,intrinsic_TTS,
,2192445,-,-16.7,4,7,intrinsic_TTS,
,2192993,-,-17.6,1,6,intrinsic_TTS,
,2196370,+,-15.5,0,6,,
,2211687,-,-22.6,6,3,,rho-dependent
,2211727,+,-22.4,5,4,,
,2219619,-,-20.9,1,0,,rho-dependent
,2223898,-,-15.2,3,6,,rho-dependent
,2223987,+,-14.1,0,7,intrinsic_TTS,
,2224993,-,-24,1,4,,rho-dependent
,2232769,+,-26.5,2,2,,rho-dependent
,2236663,+,-27.5,2,1,,
,2239313,-,-18,5,1,,
,2244773,+,-12.7,3,4,,
,2247015,-,-18.2,0,5,intrinsic_TTS,
,2250838,+,-5.6,1,2,,rho-dependent
,2251933,+,-17.6,4,1,,rho-dependent
,2252710,-,-3.7,2,0,,rho-dependent
,2252833,+,-24.4,4,1,,
,2259535,-,-15.5,1,6,intrinsic_TTS,
,2259671,-,-21.3,4,3,,
,2265279,+,-15,3,0,,
,2266069,+,-13.4,5,6,intrinsic_TTS,
,2267759,+,-18.5,1,6,,rho-dependent
,2269627,+,-16.2,3,1,,rho-dependent
,2270618,+,-12,5,7,intrinsic_TTS,
,2277859,-,-16.6,2,3,,rho-dependent
,2278524,-,-21.6,2,2,,rho-dependent
,2282816,-,-13.1,6,5,,
,2282846,+,-15,5,6,intrinsic_TTS,
,2286296,-,-10.5,7,7,intrinsic_TTS,
,2286330,+,-9.2,7,7,,rho-dependent
,2291145,-,-15.9,3,6,,
,2291356,+,-17.7,3,6,,rho-dependent
,2306927,-,-20.7,3,2,,rho-dependent
,2311604,-,-13.3,4,6,intrinsic_TTS,
,2313176,+,-12.9,1,6,,rho-dependent
,2316832,-,-20.3,3,2,,rho-dependent
,2316985,+,-21.9,4,3,,rho-dependent
,2327296,-,-13.6,6,7,,
,2336713,-,-13.7,5,5,intrinsic_TTS,
,2340304,-,-8.8,2,1,,
,2348769,-,-13.6,1,1,,rho-dependent
,2348821,+,-18.9,1,1,,
,2349897,-,-22.5,2,3,,rho-dependent
,2356756,+,-21.9,0,4,,rho-dependent
,2358039,+,-12.1,4,3,,rho-dependent
,2362391,-,-15.4,1,3,,rho-dependent
,2363698,-,-16.8,1,5,,rho-dependent
,2365011,+,-17,2,3,,rho-dependent
,2373096,-,-15.9,4,2,,rho-dependent
,2374889,-,-19.2,3,3,,
,2380673,-,-21.9,2,4,,
,2385576,+,-12.4,1,6,,
,2387538,+,-1.9,3,4,,rho-dependent
,2389998,-,-12.1,1,6,intrinsic_TTS,
,2405622,-,-26.1,6,6,intrinsic_TTS,
,2408815,+,-15.3,3,3,,rho-dependent
,2409345,-,-20.7,1,4,,rho-dependent
,2409520,+,-7.6,4,4,,rho-dependent
,2411395,-,-13.7,2,6,intrinsic_TTS,
,2412625,-,-9.5,5,7,,rho-dependent
,2414703,+,-20.1,1,5,,
,2416960,+,-11.6,0,7,intrinsic_TTS,
,2418605,-,-17.2,4,4,intrinsic_TTS,
,2418634,+,-16.2,5,3,intrinsic_TTS,
,2421854,+,-10.6,4,2,,
,2422577,-,-10.2,1,1,,rho-dependent
,2422775,+,-18.6,1,4,,rho-dependent
,2423701,-,-17.7,2,5,,rho-dependent
,2425953,-,-19.9,3,0,,rho-dependent
,2428023,-,-15.1,3,0,,rho-dependent
,2428684,-,-17.4,1,1,,rho-dependent
,2430843,-,-11.3,3,2,,
,2430860,-,-18,5,5,,
,2432883,-,-2.3,0,1,,rho-dependent
,2432972,-,-22.1,3,5,,
,2436669,-,-17.7,1,5,,rho-dependent
,2439119,+,-18.7,3,3,,rho-dependent
,2440280,-,-12.1,5,5,intrinsic_TTS,
,2443783,-,-19.5,2,1,,rho-dependent
,2443873,+,-24,1,1,,
,2449128,-,-5.7,2,3,,rho-dependent
,2449185,-,-21.6,4,2,,rho-dependent
,2449217,+,-23,1,1,,
,2456278,-,-22.5,2,2,,rho-dependent
,2460600,-,-24.9,1,7,,
,2462694,+,-14.9,3,4,,rho-dependent
,2464209,-,-9.3,7,7,,
,2466310,+,-8.5,2,3,,
,2470466,-,-18.4,2,3,,
,2470494,+,-17.4,3,2,,rho-dependent
,2471163,+,-16.4,2,2,,rho-dependent
,2476597,+,-17.7,4,1,,rho-dependent
,2480583,+,-23.9,2,1,,
,2497009,-,-15.7,5,6,intrinsic_TTS,
,2497038,+,-15.1,6,5,,
,2508420,-,-14.8,1,5,,rho-dependent
,2511263,-,-11.3,2,3,,
,2511445,+,-22.1,2,1,,
,2515035,-,-11,2,7,,
,2519206,-,-14.7,6,7,intrinsic_TTS,
,2519242,+,-17.8,6,6,,rho-dependent
,2521362,+,-10.6,5,5,intrinsic_TTS,
,2521485,-,-10.6,6,5,intrinsic_TTS,
,2525893,-,-18.3,3,2,,rho-dependent
,2525923,+,-19.3,2,3,,
,2527989,+,-16.8,3,4,,rho-dependent
,2530192,-,-15.5,2,3,,rho-dependent
,2532288,+,-20.9,1,4,,
,2533430,+,-10.3,5,6,intrinsic_TTS,
,2534344,+,-11.4,2,1,,
,2536355,-,-14.5,7,5,intrinsic_TTS,
,2536388,+,-13.2,5,7,intrinsic_TTS,
,2538529,-,-21.9,2,1,,
,2539662,-,-18,3,6,intrinsic_TTS,
,2543679,-,-5.3,2,2,,
,2549628,+,-19.7,4,3,,
,2555186,-,-22.7,2,2,,rho-dependent
,2560191,+,-10.5,2,7,intrinsic_TTS,
,2560930,+,-12.1,3,6,intrinsic_TTS,
,2564427,+,-14.5,5,3,intrinsic_TTS,
,2565387,+,-13.7,4,5,,
,2572122,-,-17.4,2,4,,rho-dependent
,2576050,-,-19.5,2,3,,
,2581778,+,-19.4,4,3,,
,2583474,-,-7.2,5,1,,rho-dependent
,2590712,-,-10.6,5,7,intrinsic_TTS,
,2590748,+,-12.3,7,5,,rho-dependent
,2592977,-,-23.4,1,2,,rho-dependent
,2593061,+,-22,3,3,,rho-dependent
,2596859,-,-20.1,2,1,,
,2597797,-,-14.1,6,7,intrinsic_TTS,
,2600994,+,-20.9,1,2,,rho-dependent
,2614781,-,-19.1,4,5,,
,2614819,+,-23.7,5,4,,
,2617962,-,-21,2,3,,rho-dependent
,2618003,+,-18.8,3,2,,
,2618835,-,-22.2,5,2,,
,2620201,-,-11.4,5,8,,
,2622916,+,-12.9,5,5,,rho-dependent
,2626695,+,-24,3,4,,
,2629573,+,-10.3,1,6,,rho-dependent
,2630902,-,-13.3,6,7,intrinsic_TTS,
,2630935,+,-12.9,7,6,intrinsic_TTS,
,2635531,-,-13.4,1,3,,rho-dependent
,2637421,-,-13.3,4,5,,
,2640598,-,-8.1,1,2,,
,2643084,-,-26,2,5,,
,2644336,-,-22.3,3,7,intrinsic_TTS,
,2647268,-,-20.8,5,4,,rho-dependent
,2653353,-,-11.4,6,6,intrinsic_TTS,
,2653385,+,-10.7,7,7,intrinsic_TTS,
,2654130,-,-16.9,4,3,,
,2654157,+,-17.4,3,4,,rho-dependent
,2656376,-,-18.2,4,3,,
,2659514,-,-18.9,3,5,,
,2664279,+,-18.9,2,3,,rho-dependent
,2666492,-,-17.8,3,3,,rho-dependent
,2673811,+,-26.1,3,3,,rho-dependent
,2684070,-,-14.8,2,4,,
,2687027,-,-20,2,3,,rho-dependent
,2687088,+,-15,2,4,,
,2691187,+,-13,5,5,,
,2691571,-,-15.7,3,3,,
,2700060,-,-22.8,2,3,,
,2700102,+,-23.1,2,4,,rho-dependent
,2700555,-,-12.7,6,6,intrinsic_TTS,
,2704285,-,-26.2,1,5,,
,2707305,-,-12.8,4,5,,
,2716014,-,-22.2,3,6,intrinsic_TTS,
,2716049,+,-21.2,6,3,,
,2717452,-,-22.6,5,3,,rho-dependent
,2717488,+,-18.2,3,5,intrinsic_TTS,
,2719186,+,-16.8,3,5,,rho-dependent
,2724111,+,-12.5,2,5,,
,2724342,-,-17.9,1,4,,rho-dependent
,2724468,+,-4.7,2,2,,rho-dependent
,2726027,-,-14.9,4,5,intrinsic_TTS,
,2731566,-,-13.7,5,6,intrinsic_TTS,
,2736929,+,-12.8,6,7,intrinsic_TTS,
,2737541,+,-14.4,1,6,intrinsic_TTS,
,2737721,+,-19,4,6,intrinsic_TTS,
,2738907,-,-21.3,4,5,,rho-dependent
,2738942,+,-23.8,5,4,,
,2744123,-,-16.7,4,7,intrinsic_TTS,
,2750061,-,-20,4,5,intrinsic_TTS,
,2750097,+,-19.1,5,4,,
,2753969,-,-10.3,7,6,intrinsic_TTS,
,2754000,+,-10.3,6,7,intrinsic_TTS,
,2755438,+,-16.1,3,5,,
,2756033,+,-20.3,3,7,intrinsic_TTS,
,2757436,+,-18.4,5,4,,rho-dependent
,2761186,-,-14.4,5,1,,rho-dependent
,2767187,-,-12.5,4,5,,
,2767222,+,-13.3,5,4,,rho-dependent
,2768632,+,-23.4,1,6,intrinsic_TTS,
,2778109,-,-12.1,6,5,,rho-dependent
,2778137,+,-11.1,0,6,,rho-dependent
,2796239,-,-16.7,3,0,,rho-dependent
,2796391,+,-12.9,3,5,,rho-dependent
,2798047,-,-25.9,3,3,,rho-dependent
,2798087,+,-17.1,3,3,,
,2799490,-,-6.4,1,2,,rho-dependent
,2799650,+,-19,0,4,,rho-dependent
,2800533,+,-16,0,6,intrinsic_TTS,
,2804606,+,-11.4,1,5,,
,2807106,+,-14.7,1,3,,rho-dependent
,2808168,+,-20,1,4,,
,2811376,+,-16.7,4,5,intrinsic_TTS,
,2814159,-,-15.8,5,3,intrinsic_TTS,
,2814190,+,-15.3,3,5,intrinsic_TTS,
,2817783,-,-11.2,3,3,,rho-dependent
,2818924,-,-17.4,1,1,,rho-dependent
,2822663,-,-16.6,2,6,intrinsic_TTS,
,2824455,-,-21,3,3,,rho-dependent
,2828590,+,-18.2,4,1,,
,2830827,+,-23.5,2,3,,rho-dependent
,2838210,-,-13.6,1,5,,rho-dependent
,2842417,-,-22.2,2,3,,rho-dependent
,2842507,+,-14.6,4,3,,
,2854326,+,-13.3,3,0,,
,2856419,-,-20.2,4,3,,
,2859757,+,-17,6,1,,rho-dependent
,2860411,-,-16.6,4,6,,rho-dependent
,2866471,-,-12,6,7,intrinsic_TTS,
,2866504,+,-12,7,6,,
,2866509,-,-18.8,4,6,intrinsic_TTS,
,2887525,-,-20,4,6,intrinsic_TTS,
,2892744,+,-25.1,2,4,,rho-dependent
,2904074,-,-19.1,5,1,,rho-dependent
,2904686,-,-9.1,4,6,,rho-dependent
,2906591,-,-16.8,5,7,intrinsic_TTS,
,2918004,-,-18.3,5,1,,
,2922421,-,-9.6,5,1,,rho-dependent
,2924160,-,-20.9,4,7,intrinsic_TTS,
,2924677,-,-19.4,1,1,,rho-dependent
,2927708,+,-14.9,0,5,,
,2929550,+,-16.4,0,3,,rho-dependent
,2930978,+,-15.8,2,2,,rho-dependent
,2931813,-,-22.2,1,2,,
,2939347,+,-18.8,2,2,,
,2940106,-,-20.8,4,3,,rho-dependent
,2940142,+,-18.5,4,3,,rho-dependent
,2942869,-,-15.4,7,3,,
,2942898,+,-14.3,3,7,intrinsic_TTS,
,2944991,-,-26,4,4,,
,2945033,+,-24.8,4,5,,
,2945856,-,-17.2,1,6,,rho-dependent
,2947715,+,-11.1,3,7,intrinsic_TTS,
,2950391,-,-16.3,4,2,,rho-dependent
,2950580,-,-12.3,1,1,,
,2950631,+,-17.1,2,2,,
,2964312,-,-11.7,2,7,,rho-dependent
,2971169,+,-21.5,2,3,,rho-dependent
,2971521,+,-15.2,5,5,,
,2972637,-,-17.2,4,4,intrinsic_TTS,
,2972706,+,-21.5,4,0,,
,2976101,-,-15.8,1,6,,rho-dependent
,2977708,+,-22.2,2,1,,rho-dependent
,2979747,-,-24,4,2,,rho-dependent
,2980724,-,-23.3,2,6,intrinsic_TTS,
,2982450,-,-16.9,2,5,intrinsic_TTS,
,2987126,+,-20.5,2,5,,rho-dependent
,2988237,+,-15.7,3,1,,rho-dependent
,3003970,-,-20.5,3,5,,rho-dependent
,3004002,+,-21,5,3,,
,3012393,-,-16.7,2,5,,rho-dependent
,3012430,+,-22.6,5,2,,
,3012610,+,-22.6,2,5,intrinsic_TTS,
,3020495,-,-18.8,3,3,,
,3024216,+,-13.3,5,5,,rho-dependent
,3028488,-,-22.6,2,2,,rho-dependent
,3033612,-,-15.4,2,7,intrinsic_TTS,
,3036319,-,-20,5,1,,rho-dependent
,3040416,+,-17.4,2,5,,rho-dependent
,3042476,+,-21.4,1,1,,rho-dependent
,3045107,-,-19.3,4,2,,
,3045144,+,-19.4,3,1,,rho-dependent
,3046122,-,-11.6,2,4,,rho-dependent
,3047815,-,-17.7,2,2,,
,3049096,-,-22.9,0,3,,
,3051042,-,-17.6,2,4,,rho-dependent
,3056165,+,-10.9,3,5,,rho-dependent
,3057127,-,-16.9,6,7,intrinsic_TTS,
,3058637,-,-17.1,4,2,,rho-dependent
,3067306,-,-19.1,3,4,,rho-dependent
,3067337,+,-18.5,4,3,,rho-dependent
,3068908,-,-17.1,2,5,intrinsic_TTS,
,3070118,-,-14.1,1,5,intrinsic_TTS,
,3073837,-,-2.4,0,4,,
,3079601,-,-11.9,4,7,intrinsic_TTS,
,3082572,-,-17.7,1,4,,
,3082841,+,-18.8,3,3,,rho-dependent
,3083826,-,-23.9,4,6,intrinsic_TTS,
,3087907,+,-17,0,6,intrinsic_TTS,
,3089715,+,-16.6,2,3,,rho-dependent
,3092910,+,-15.6,2,6,,
,3094202,+,-3.8,2,2,,rho-dependent
,3098535,+,-19.8,1,2,,rho-dependent
,3099648,-,-18,1,5,,rho-dependent
,3100859,-,-14.3,2,4,,rho-dependent
,3101641,-,-16.8,1,6,intrinsic_TTS,
,3104399,+,-14.6,6,2,,
,3105550,+,-16.4,3,3,,rho-dependent
,3106978,-,-14.3,8,7,intrinsic_TTS,
,3107013,+,-17.2,7,8,intrinsic_TTS,
,3110450,-,-15.2,6,2,,rho-dependent
,3110479,+,-13,3,6,,rho-dependent
,3114463,-,-22,5,3,,rho-dependent
,3119555,-,-18.7,5,3,,rho-dependent
,3121589,-,-21.6,3,2,,
,3134830,-,-19.3,2,5,,
,3136607,-,-25.9,3,3,,rho-dependent
,3148943,-,-18.8,2,1,,rho-dependent
,3148973,+,-17,4,2,,rho-dependent
,3150546,-,-20.5,3,5,intrinsic_TTS,
,3150582,+,-22,6,3,,
,3154263,+,-18.9,1,5,,rho-dependent
,3156604,+,-18.8,4,4,,
,3157452,-,-16,4,3,,
,3157493,+,-20.5,3,4,,
,3161222,-,-23.9,1,4,,rho-dependent
,3163638,-,-17.2,4,3,,rho-dependent
,3167720,-,-5.7,2,3,,rho-dependent
,3168684,-,-10.9,3,5,,rho-dependent
,3169249,-,-15.4,1,4,,
,3171878,+,-18.1,1,4,,rho-dependent
,3173464,-,-19.2,6,0,,rho-dependent
,3173495,+,-14.7,0,6,,rho-dependent
,3179627,+,-18,3,2,,rho-dependent
,3181259,+,-11.5,4,1,,
,3181584,-,-25.6,3,3,,
,3181617,+,-23,4,3,,rho-dependent
,3183328,-,-20.7,2,5,,
,3183366,+,-20.8,5,2,,
,3183747,-,-10.1,5,7,,rho-dependent
,3185189,+,-9,2,4,,rho-dependent
,3191712,-,-14.5,2,5,intrinsic_TTS,
,3194720,-,-14.3,0,3,,rho-dependent
,3195097,-,-18.2,2,3,,rho-dependent
,3203138,-,-21.4,1,1,,rho-dependent
,3203272,+,-18.8,1,2,,
,3209490,-,-21.5,3,2,,rho-dependent
,3211075,+,-21.2,2,5,intrinsic_TTS,
,3214890,-,-21.6,2,2,,
,3214968,+,-16.5,1,4,intrinsic_TTS,
,3215678,-,-15.2,7,5,,rho-dependent
,3217604,+,-19.4,2,3,,
,3220875,-,-22.9,5,3,,rho-dependent
,3220915,+,-22.5,5,6,intrinsic_TTS,
,3222495,+,-25.9,1,4,,rho-dependent
,3233690,-,-22.6,3,1,,rho-dependent
,3234489,-,-22.9,3,3,,rho-dependent
,3238560,+,-17.4,5,7,,rho-dependent
,3239705,+,-18.5,3,1,,rho-dependent
,3241227,+,-20.4,4,3,,rho-dependent
,3241769,-,-20.1,5,4,intrinsic_TTS,
,3246577,+,-16.4,0,3,intrinsic_TTS,
,3247467,+,-17.5,3,3,,rho-dependent
,3248615,+,-15.5,3,2,,
,3250409,+,-14.1,0,4,,rho-dependent
,3251006,+,-11.8,7,6,intrinsic_TTS,
,3252709,+,-15,1,5,,rho-dependent
,3253272,-,-14.3,7,3,,rho-dependent
,3253301,+,-16.3,3,2,,
,3255212,-,-21.4,1,2,,rho-dependent
,3255323,+,-21.6,5,1,,rho-dependent
,3258234,-,-13.7,1,2,intrinsic_TTS,
,3259677,-,-21.3,3,3,,
,3269989,-,-5.7,5,4,intrinsic_TTS,
,3270066,-,-11.6,4,6,,
,3270179,-,-11.6,4,6,intrinsic_TTS,
,3270217,-,-4.7,4,4,,
,3276904,+,-9.4,3,6,intrinsic_TTS,
,3277853,+,-18.5,2,4,,rho-dependent
,3281676,+,-10.2,1,7,intrinsic_TTS,
,3295543,+,-23.1,3,3,,rho-dependent
,3296992,-,-21.8,1,2,,rho-dependent
,3297036,+,-21.3,2,1,,rho-dependent
,3299644,+,-14.6,4,3,,rho-dependent
,3300209,-,-24.6,2,2,,rho-dependent
,3304466,-,-13.5,1,1,,rho-dependent
,3304572,+,-7.7,1,3,,
,3305899,-,-15.5,4,7,intrinsic_TTS,
,3307973,-,-13.6,1,5,,rho-dependent
,3308994,-,-24.4,3,0,,
,3311370,-,-14.9,5,5,,
,3313194,-,-11.4,4,6,intrinsic_TTS,
,3320017,+,-17.1,2,3,,rho-dependent
,3322030,-,-11.6,5,6,intrinsic_TTS,
,3322687,-,-9.6,3,7,intrinsic_TTS,
,3324939,-,-15.2,5,7,intrinsic_TTS,
,3328168,-,-12.3,6,4,,
,3328196,+,-12.3,4,6,,
,3330400,-,-14.3,3,7,,rho-dependent
,3332805,-,-16.8,4,5,intrinsic_TTS,
,3334718,+,-20.2,0,3,,rho-dependent
,3335195,-,-21.8,2,1,,
,3336873,-,-12.4,3,6,intrinsic_TTS,
,3336918,-,-21.3,1,1,,
,3349180,+,-20.7,4,3,,rho-dependent
,3350696,+,-14.5,1,6,,
,3360660,+,-17.9,4,3,,
,3368967,-,-17.6,4,1,,rho-dependent
,3372618,-,-7.2,1,4,,
,3373646,-,-9.9,1,3,,
,3376247,-,-11.6,6,6,,
,3377754,-,-11.6,4,6,intrinsic_TTS,
,3378824,-,-12.7,6,3,,rho-dependent
,3380623,+,-14.1,1,4,,rho-dependent
,3382154,+,-24.5,2,3,,rho-dependent
,3383282,-,-11.2,7,7,intrinsic_TTS,
,3383315,+,-10.9,7,7,intrinsic_TTS,
,3385206,+,-17.6,2,3,,rho-dependent
,3385823,-,-15.1,8,3,,rho-dependent
,3385851,+,-14.8,3,8,,rho-dependent
,3390502,-,-20.5,2,3,,rho-dependent
,3390539,+,-17.6,3,2,,
,3404496,+,-2.9,5,4,,
,3407309,+,-12.4,4,7,intrinsic_TTS,
,3410050,+,-11.2,5,1,,
,3411629,+,-14.2,6,7,intrinsic_TTS,
,3418175,+,-9.2,6,6,,
,3418756,+,-13.9,2,4,,rho-dependent
,3423380,-,-16,7,7,intrinsic_TTS,
,3429641,-,-1.6,1,5,,rho-dependent
,3429912,+,-17.9,2,2,,rho-dependent
,3434286,+,-21.5,2,4,,
,3435199,+,-13.7,2,6,,
,3437925,+,-18.1,2,5,,rho-dependent
,3438496,+,-19.9,4,1,,rho-dependent
,3439573,-,-10.7,5,6,intrinsic_TTS,
,3448261,-,-11.8,5,7,intrinsic_TTS,
,3465226,-,-3.8,0,1,,rho-dependent
,3466216,-,-17.2,1,3,,
,3466245,+,-17.6,3,1,,rho-dependent
,3467122,-,-13.6,5,7,,rho-dependent
,3470093,-,-14,5,5,intrinsic_TTS,
,3476569,-,-18.8,5,7,intrinsic_TTS,
,3477862,-,-12.2,6,6,intrinsic_TTS,
,3477893,+,-12.2,6,6,,rho-dependent
,3485366,-,-19.5,2,2,,rho-dependent
,3485398,+,-13.7,2,2,,
,3486794,+,-19.4,2,7,,rho-dependent
,3488789,-,-3,1,1,,
,3493788,+,-20.3,1,5,,rho-dependent
,3496955,+,-14.9,1,6,,rho-dependent
,3499233,+,-13.7,2,4,,rho-dependent
,3503989,+,-21.4,3,3,,
,3504796,-,-28.1,4,4,,
,3512462,-,-12.1,2,6,,rho-dependent
,3515769,-,-14.9,1,5,,
,3525422,-,-10.5,1,6,,rho-dependent
,3525450,+,-11.6,4,5,,
,3530656,-,-19.3,2,4,,
,3530689,+,-22.5,4,2,,rho-dependent
,3534482,-,-16.8,6,6,intrinsic_TTS,
,3534516,+,-20.8,5,3,intrinsic_TTS,
,3537338,+,-19.7,2,3,,rho-dependent
,3539832,+,-15.2,5,7,intrinsic_TTS,
,3543021,+,-17,3,6,intrinsic_TTS,
,3544028,-,-13.6,3,0,,rho-dependent
,3546256,+,-22.6,0,2,,
,3546294,+,-10.5,1,4,,rho-dependent
,3547881,-,-22.3,3,2,,
,3547978,+,-17.5,3,1,,rho-dependent
,3549913,-,-18.8,3,1,,
,3564090,-,-12.6,6,7,,
,3573733,-,-15.3,1,2,,
,3575680,-,-17.7,0,5,,rho-dependent
,3575715,+,-14.8,2,2,,
,3577660,-,-9.1,4,1,,
,3579716,-,-12,1,4,,rho-dependent
,3581663,+,-15,4,2,,rho-dependent
,3585044,-,-19.1,2,5,,
,3587467,+,-25,3,4,,rho-dependent
,3590982,-,-5.4,2,3,intrinsic_TTS,
,3592576,-,-7.1,2,1,,rho-dependent
,3592668,+,-13,2,4,,
,3598555,+,-11,3,4,,rho-dependent
,3599881,-,-13,4,7,intrinsic_TTS,
,3600968,-,-5.4,0,4,,rho-dependent
,3605147,-,-10.1,1,2,,rho-dependent
,3605345,+,-14.4,2,1,,rho-dependent
,3608649,-,-14.4,2,5,,rho-dependent
,3610563,+,-17.2,2,7,intrinsic_TTS,
,3613634,+,-14.4,4,2,,rho-dependent
,3619035,+,-16,2,1,,rho-dependent
,3625626,-,-14.7,2,3,,rho-dependent
,3635947,+,-12,5,7,,rho-dependent
,3639154,-,-12.7,2,2,,rho-dependent
,3639360,+,-19.6,1,6,intrinsic_TTS,
,3640594,+,-18.5,0,6,intrinsic_TTS,
,3642342,-,-18.8,6,4,,rho-dependent
,3642376,+,-18.4,4,6,intrinsic_TTS,
,3647652,-,-19,3,4,,
,3647692,+,-22,4,3,,
,3648377,+,-9.8,6,5,,rho-dependent
,3654571,+,-20.2,4,3,,
,3655911,-,-18,6,5,intrinsic_TTS,
,3656319,-,-3.3,2,4,,
,3657621,+,-25,1,3,,rho-dependent
,3659081,+,-5.7,3,8,intrinsic_TTS,
,3661797,-,-10.8,3,1,,rho-dependent
,3663578,+,-24,3,3,,
,3664969,+,-9.5,1,8,intrinsic_TTS,
,3666117,-,-20,5,4,,
,3667750,-,-20.7,3,5,,
,3674479,+,-23.3,0,1,,rho-dependent
,3676253,-,-20.9,3,2,,
,3680361,-,-17.8,2,3,,rho-dependent
,3680554,+,-18.7,1,1,,rho-dependent
,3682060,-,-21.1,1,5,,rho-dependent
,3682115,-,-21.2,2,2,,
,3695852,-,-13.4,5,4,,
,3699897,-,-26.4,0,5,,rho-dependent
,3701829,-,-15.9,4,2,,rho-dependent
,3710691,-,-11.7,4,6,,rho-dependent
,3714180,+,-15.7,3,4,,rho-dependent
,3717247,+,-21.4,0,4,,
,3718267,-,-19,2,2,,rho-dependent
,3718333,+,-9.9,1,5,intrinsic_TTS,
,3719818,+,-15.5,0,3,,
,3720315,+,-14.9,4,7,intrinsic_TTS,
,3722285,-,-13.7,5,7,intrinsic_TTS,
,3727879,-,-21.5,3,3,,rho-dependent
,3729385,-,-19.3,0,7,,rho-dependent
,3732157,+,-21.2,2,4,,rho-dependent
,3736302,-,-24.8,1,6,intrinsic_TTS,
,3739567,+,-19,2,0,,rho-dependent
,3741105,+,-18.6,6,1,,
,3750816,+,-19.9,1,1,,rho-dependent
,3754807,-,-8.5,5,1,,rho-dependent
,3761265,-,-12.1,3,2,,rho-dependent
,3774364,+,-18.3,1,0,,
,3775997,-,-23,2,2,,rho-dependent
,3777159,+,-20.9,4,5,intrinsic_TTS,
,3781217,+,-19.9,2,2,,rho-dependent
,3781692,-,-17.7,1,2,,rho-dependent
,3781730,+,-16.5,2,1,,
,3782585,-,-20.5,1,4,,
,3783603,-,-18,2,3,,rho-dependent
,3790287,-,-16.6,4,4,,
,3792750,-,-8.3,5,7,,
,3798250,+,-15.7,6,2,,rho-dependent
,3810306,-,-19.4,3,2,,
,3810336,+,-22.5,2,3,,rho-dependent
,3811201,-,-12,7,7,intrinsic_TTS,
,3815091,-,-18.2,5,4,,rho-dependent
,3815123,+,-18.5,4,5,,rho-dependent
,3815800,-,-15.8,3,2,intrinsic_TTS,
,3817606,+,-12.2,1,4,,
,3819541,+,-18.6,1,5,,rho-dependent
,3827287,-,-9.8,3,4,,rho-dependent
,3832172,-,-20.9,3,2,,rho-dependent
,3832209,+,-20.4,2,3,,rho-dependent
,3839126,-,-23.9,2,0,,
,3839284,+,-12.9,2,5,,rho-dependent
,3840466,-,-2.6,3,2,,rho-dependent
,3845731,-,-14.9,1,7,,
,3845761,+,-16.4,7,1,,
,3850751,-,-16.1,5,7,,rho-dependent
,3852831,-,-17.1,4,6,,
,3853692,+,-24.4,1,5,intrinsic_TTS,
,3856911,+,-21.6,3,3,,rho-dependent
,3861134,-,-20.6,2,4,,rho-dependent
,3864565,-,-24.2,1,4,,rho-dependent
,3866425,-,-17.9,0,7,,
,3867973,-,-3.6,2,0,,
,3868541,+,-7.9,1,3,,rho-dependent
,3870354,-,-18.4,1,4,,
,3874220,-,-8,2,6,,rho-dependent
,3876094,-,-23.6,2,4,,
,3877540,-,-16.9,6,7,intrinsic_TTS,
,3884541,+,-11.3,2,3,,rho-dependent
,3886771,+,-16.5,4,7,intrinsic_TTS,
,3888239,+,-23.9,1,4,,
,3890187,+,-15.9,4,3,,rho-dependent
,3891519,+,-20.7,3,2,,rho-dependent
,3895219,-,-17.7,5,7,intrinsic_TTS,
,3895258,+,-16.8,7,5,intrinsic_TTS,
,3898624,-,-21.1,4,5,intrinsic_TTS,
,3898662,+,-18.4,5,4,,
,3906809,-,-9.5,5,6,intrinsic_TTS,
,3911805,-,-18.6,5,5,,
,3915502,-,-16.2,5,8,intrinsic_TTS,
,3917990,-,-12.9,1,3,,
,3922924,-,0,0,1,,rho-dependent
,3923701,-,-22.4,6,1,,rho-dependent
,3923737,+,-22.4,1,6,,
,3928241,+,-3.9,4,2,,rho-dependent
,3933221,+,-14.4,3,7,,
,3933642,+,-8.5,3,3,,
,3937278,+,-16.7,2,5,intrinsic_TTS,
,3938386,+,-15.5,4,1,,rho-dependent
,3947035,-,-13,7,4,,
,3947066,+,-12,5,8,intrinsic_TTS,
,3948450,+,-9.5,5,6,,
,3950475,+,-17.1,5,8,,
,3956991,+,-10.7,2,5,,rho-dependent
,3959498,-,-21,2,4,,rho-dependent
,3959531,+,-20.1,5,4,intrinsic_TTS,
,3959908,-,-18.3,2,3,,rho-dependent
,3962697,-,-18.7,4,5,,rho-dependent
,3966140,+,-18.3,2,2,,rho-dependent
,3967721,+,-13.2,5,6,,
,3980743,+,-18.5,3,3,,rho-dependent
,3982846,+,-14,3,7,intrinsic_TTS,
,3986599,-,-21.6,6,0,,rho-dependent
,3986638,+,-19.8,0,6,,
,3993701,-,-17,2,0,,
,3993736,+,-20.3,0,2,,rho-dependent
,3997961,+,-17.9,1,2,,
,4000256,+,-24.3,3,3,,rho-dependent
,4002417,+,-19.8,6,1,,rho-dependent
,4003230,-,-20,4,2,,
,4005841,+,-16.6,0,7,intrinsic_TTS,
,4008395,-,-19.6,6,4,,
,4008435,+,-21.4,1,2,,rho-dependent
,4011086,+,-3.2,3,2,,rho-dependent
,4015316,-,-20.9,5,4,,
,4015349,+,-18.6,5,5,,rho-dependent
,4017233,+,-13.6,0,6,intrinsic_TTS,
,4023540,+,-18.3,5,3,,
,4027233,-,-13.9,0,7,,
,4040813,-,-21.6,2,5,intrinsic_TTS,
,4042498,+,-14.6,2,3,,rho-dependent
,4044090,+,-17.9,4,6,,
,4045632,-,-23.4,4,5,,rho-dependent
,4049970,-,-22.9,7,2,,rho-dependent
,4050006,+,-23.2,2,7,intrinsic_TTS,
,4051274,+,-16.1,6,7,intrinsic_TTS,
,4053421,-,-17.7,3,3,,rho-dependent
,4053617,+,-20.7,3,2,,rho-dependent
,4056427,-,-10,1,6,,rho-dependent
,4060279,+,-12.4,7,8,intrinsic_TTS,
,4078473,+,-23.6,4,4,,rho-dependent
,4080257,-,-22.3,1,2,,rho-dependent
,4086894,+,-18.4,4,4,,rho-dependent
,4101512,+,-11.1,6,7,intrinsic_TTS,
,4102726,+,-18.7,2,4,,rho-dependent
,4103507,-,-21.8,3,2,,rho-dependent
,4106386,+,-14.4,0,8,intrinsic_TTS,
,4108722,+,-13.7,4,4,intrinsic_TTS,
,4109874,+,-16.9,3,6,,
,4110702,-,-18.4,2,4,,rho-dependent
,4110734,+,-16,5,2,,
,4112832,+,-1.2,3,3,,rho-dependent
,4113599,-,-10.2,4,5,,rho-dependent
,4113796,+,-14.8,2,5,,rho-dependent
,4114520,-,-15.3,2,7,,rho-dependent
,4115642,-,-18.4,3,2,,
,4118814,-,-12.9,5,6,intrinsic_TTS,
,4118843,+,-14.2,4,4,,
,4120362,-,-15.2,1,5,intrinsic_TTS,
,4122315,-,-17.6,3,4,,rho-dependent
,4127264,+,-11.7,5,7,intrinsic_TTS,
,4127853,-,-3,1,3,,rho-dependent
,4132448,+,-14.3,2,7,,rho-dependent
,4136061,+,-27.9,1,5,,
,4137894,-,-19.2,2,0,,
,4148364,-,-12.6,0,6,,
,4150401,-,-23.5,0,4,,rho-dependent
,4158272,+,-12.8,4,7,,
,4159344,-,-15.1,4,2,,rho-dependent
,4159504,+,-3.4,3,5,,rho-dependent
,4162134,-,-21.6,4,1,,rho-dependent
,4162266,+,-20.6,3,3,,
,4165573,+,-15.2,2,3,,
,4171933,-,-21.8,4,5,,
,4174045,-,-12.3,2,6,,rho-dependent
,4177185,+,-13.4,3,5,intrinsic_TTS,
,4178363,+,-18.4,3,7,intrinsic_TTS,
,4180995,+,-23.8,4,2,intrinsic_TTS,
,4186365,+,-8.6,3,1,,
,4189619,+,-11.6,5,6,intrinsic_TTS,
,4196185,-,-0.6,4,2,,rho-dependent
,4200605,+,-14.5,2,5,,
,4204562,-,-21.9,2,3,,
,4215276,+,-12.8,1,7,,
,4218963,+,-12.3,2,6,,rho-dependent
,4222764,-,-16.2,1,2,,
,4227570,+,-19.6,5,5,intrinsic_TTS,
,4229374,-,-22.3,1,2,,rho-dependent
,4229450,+,-12.7,5,4,,rho-dependent
,4231163,-,-15.9,1,0,,rho-dependent
,4231457,+,-13.5,2,2,,rho-dependent
,4231843,-,-18.5,4,5,,rho-dependent
,4234686,+,-8.2,0,0,,
,4235596,+,-13.7,4,6,intrinsic_TTS,
,4236241,+,-14.8,3,2,,
,4239775,+,-18.4,3,2,,
,4240733,-,-20.4,1,6,,rho-dependent
,4242530,-,-14.7,1,7,intrinsic_TTS,
,4245093,-,-19.3,2,1,,
,4250532,+,-15.1,4,7,intrinsic_TTS,
,4253893,-,-10.8,6,6,intrinsic_TTS,
,4253924,+,-14.7,4,3,,
,4254035,+,-23.5,3,4,,rho-dependent
,4257766,+,-24.1,1,5,,rho-dependent
,4258967,+,-24.9,2,2,,
,4259483,+,-7.5,1,3,,
,4262764,+,-19.1,3,5,intrinsic_TTS,
,4263213,-,-14.6,6,7,intrinsic_TTS,
,4263245,+,-16.4,7,6,,rho-dependent
,4266922,+,-20.8,1,2,,rho-dependent
,4268345,+,-19.4,4,2,,rho-dependent
,4270159,+,-20.3,4,7,,rho-dependent
,4271016,-,-17.1,2,3,,rho-dependent
,4271046,+,-15.9,5,2,,rho-dependent
,4274725,-,-17.8,2,6,,
,4274757,+,-18.3,6,2,,
,4277022,-,-21.6,2,3,,rho-dependent
,4277926,-,-10.4,5,5,,rho-dependent
,4277960,+,-16,6,7,intrinsic_TTS,
,4279876,+,-13.8,2,7,intrinsic_TTS,
,4281712,+,-13.8,5,3,,rho-dependent
,4283215,-,-19.7,0,4,,rho-dependent
,4295797,-,-15.4,3,4,,
,4296438,+,-21.3,4,4,,rho-dependent
,4297178,-,-16.7,0,7,,rho-dependent
,4307313,+,-25,2,1,,rho-dependent
,4312063,-,-19.4,6,3,,rho-dependent
,4314216,-,-21.7,3,2,,
,4314440,+,-17.3,0,2,,rho-dependent
,4332080,-,-20.3,1,1,,
,4332116,+,-19.9,1,1,,rho-dependent
,4344807,-,-15.8,4,3,,
,4347360,-,-18,1,4,,
,4349217,-,-6.6,1,1,,rho-dependent
,4352488,+,-5.8,5,1,,
,4353153,-,-24.8,2,2,,
,4356429,-,-19.5,5,1,,
,4362512,-,-18.4,3,5,intrinsic_TTS,
,4365437,-,-18.4,3,6,,
,4366837,-,-14.1,7,7,intrinsic_TTS,
,4369187,+,-20.8,2,6,,rho-dependent
,4372729,+,-22.5,6,6,intrinsic_TTS,
,4373349,+,-13.5,1,2,,rho-dependent
,4376301,+,-22.6,3,3,,rho-dependent
,4376734,+,-17.4,4,7,intrinsic_TTS,
,4377329,+,-7.7,2,0,,rho-dependent
,4378962,-,-19.7,3,6,intrinsic_TTS,
,4383676,+,-19.2,5,5,,rho-dependent
,4389169,-,-20.5,2,1,,
,4392316,+,-3.5,3,0,,rho-dependent
,4392711,+,-9.4,4,6,,rho-dependent
,4400650,+,-18.1,1,5,,
,4404365,+,-18.3,5,7,intrinsic_TTS,
,4406079,+,-23.2,3,3,,rho-dependent
,4410051,+,-10.2,2,8,intrinsic_TTS,
,4415956,-,-20.3,4,3,,rho-dependent
,4415996,+,-19.1,3,4,,
,4417765,+,-4.5,2,2,,rho-dependent
,4418511,-,-25.5,0,5,,
,4424450,-,-14.4,0,8,,
,4424480,+,-16.1,8,0,,rho-dependent
,4426575,-,-14.5,6,5,intrinsic_TTS,
,4426606,+,-14.5,5,6,intrinsic_TTS,
,4428015,-,-3.3,2,2,,rho-dependent
,4429596,+,-22.7,2,2,,
,4431318,+,-20.2,3,5,,rho-dependent
,4434558,-,-18.6,4,3,,rho-dependent
,4437540,+,-19.8,4,4,,rho-dependent
,4438642,-,-16.7,5,4,,rho-dependent
,4439829,-,-18.1,5,4,,rho-dependent
,4439859,+,-19.2,5,4,intrinsic_TTS,
,4441283,-,-13.9,2,4,,rho-dependent
,4448269,+,-16.9,4,5,intrinsic_TTS,
,4449067,-,-12.4,2,6,intrinsic_TTS,
,4454576,-,-19.8,2,6,,
,4457183,-,-21.3,3,2,,
,4457269,+,-24.1,2,1,,rho-dependent
,4459899,+,-23.3,1,4,,rho-dependent
,4460463,-,-21.6,3,2,,rho-dependent
,4464729,-,-16.1,0,3,,
,4470490,-,-18.9,2,2,,
,4472419,-,-15.9,1,7,intrinsic_TTS,
,4475354,+,-16.4,2,4,,
,4477256,-,-18.9,4,4,,rho-dependent
,4478998,-,-18.9,5,2,,
,4479034,+,-19.1,2,4,intrinsic_TTS,
,4480931,-,-15.9,6,7,intrinsic_TTS,
,4480962,+,-18.9,6,4,,
,4488410,-,-12.2,6,5,intrinsic_TTS,
,4488441,+,-13.1,5,6,,rho-dependent
,4495154,-,-14.9,3,4,,rho-dependent
,4497967,+,-18.9,5,3,,rho-dependent
,4502087,-,-19,6,2,,rho-dependent
,4502161,+,-16.2,0,4,,rho-dependent
,4503469,+,-16,6,2,,
,4506443,+,-15.3,4,5,,
,4507355,+,-5.5,5,0,,
,4518691,+,-5.4,3,0,,
,4519297,-,-17.8,5,5,,
,4523168,-,-9.3,3,3,,
,4531886,-,-17.1,1,3,,rho-dependent
,4537625,-,-21.5,2,3,,rho-dependent
,4541590,+,-7.4,3,1,,rho-dependent
,4543709,+,-12.4,4,3,,
,4549781,-,-21.4,1,1,,rho-dependent
,4552855,+,-22,3,5,,rho-dependent
,4554422,+,-18.8,3,6,,rho-dependent
,4555393,+,-17.1,4,4,,rho-dependent
,4557504,+,-19.2,3,1,,rho-dependent
,4576858,-,-20.2,6,3,,rho-dependent
,4576895,+,-24.1,0,2,,rho-dependent
,4579464,-,-14.5,2,2,,rho-dependent
,4580030,-,-14.6,1,6,,
,4587865,-,-21.9,1,4,intrinsic_TTS,
,4587904,+,-21.5,5,1,,rho-dependent
,4589096,-,-17.5,0,6,,
,4593319,-,-16,1,4,,rho-dependent
,4599646,-,-20.3,3,4,,rho-dependent
,4605980,-,-10.2,3,1,,rho-dependent
,4606505,-,-2.4,1,5,,rho-dependent
,4611043,+,-21.7,0,4,,rho-dependent
,4612345,+,-13.6,4,4,,
,4621665,+,-20.9,2,6,intrinsic_TTS,
,4623041,-,-15.6,0,2,,rho-dependent
,4628849,+,-21.4,0,3,,rho-dependent
,4632709,-,-17.8,2,4,,rho-dependent
,4634385,-,-19.4,3,3,,rho-dependent
,4634533,+,-3.5,0,4,,rho-dependent
,4639540,-,-12.8,8,7,intrinsic_TTS,
,4639571,+,-12.4,7,8,intrinsic_TTS,
